"iso","umd_tree_cover_extent_2000__ha","area__ha"
"MDG",4853676.74651556053075977,4873080.19024580977857741
